hauptgruppe,jahr,value,thg_agg,einheit,einheit_lang,stand
Gebäude,2025,1530980,CO2eq,t/a,Tonnen pro Jahr,2026
Gebäude,2026,1425919,CO2eq,t/a,Tonnen pro Jahr,2026
Gebäude,2027,1320858,CO2eq,t/a,Tonnen pro Jahr,2026
Gebäude,2028,1215797,CO2eq,t/a,Tonnen pro Jahr,2026
Gebäude,2029,1110736,CO2eq,t/a,Tonnen pro Jahr,2026
Gebäude,2030,1005675,CO2eq,t/a,Tonnen pro Jahr,2026
Gebäude,2031,919474,CO2eq,t/a,Tonnen pro Jahr,2026
Gebäude,2032,833273,CO2eq,t/a,Tonnen pro Jahr,2026
Gebäude,2033,747072,CO2eq,t/a,Tonnen pro Jahr,2026
Gebäude,2034,660872,CO2eq,t/a,Tonnen pro Jahr,2026
Gebäude,2035,574671,CO2eq,t/a,Tonnen pro Jahr,2026
Gebäude,2036,488470,CO2eq,t/a,Tonnen pro Jahr,2026
Gebäude,2037,402270,CO2eq,t/a,Tonnen pro Jahr,2026
Gebäude,2038,316069,CO2eq,t/a,Tonnen pro Jahr,2026
Gebäude,2039,229868,CO2eq,t/a,Tonnen pro Jahr,2026
Gebäude,2040,143667,CO2eq,t/a,Tonnen pro Jahr,2026
Verkehr,2025,1971217,CO2eq,t/a,Tonnen pro Jahr,2026
Verkehr,2026,1861916,CO2eq,t/a,Tonnen pro Jahr,2026
Verkehr,2027,1752614,CO2eq,t/a,Tonnen pro Jahr,2026
Verkehr,2028,1643313,CO2eq,t/a,Tonnen pro Jahr,2026
Verkehr,2029,1534011,CO2eq,t/a,Tonnen pro Jahr,2026
Verkehr,2030,1424710,CO2eq,t/a,Tonnen pro Jahr,2026
Verkehr,2031,1294111,CO2eq,t/a,Tonnen pro Jahr,2026
Verkehr,2032,1163513,CO2eq,t/a,Tonnen pro Jahr,2026
Verkehr,2033,1032914,CO2eq,t/a,Tonnen pro Jahr,2026
Verkehr,2034,902316,CO2eq,t/a,Tonnen pro Jahr,2026
Verkehr,2035,771718,CO2eq,t/a,Tonnen pro Jahr,2026
Verkehr,2036,641119,CO2eq,t/a,Tonnen pro Jahr,2026
Verkehr,2037,510521,CO2eq,t/a,Tonnen pro Jahr,2026
Verkehr,2038,379922,CO2eq,t/a,Tonnen pro Jahr,2026
Verkehr,2039,249324,CO2eq,t/a,Tonnen pro Jahr,2026
Verkehr,2040,118725,CO2eq,t/a,Tonnen pro Jahr,2026
Industrie,2025,606721,CO2eq,t/a,Tonnen pro Jahr,2026
Industrie,2026,611354,CO2eq,t/a,Tonnen pro Jahr,2026
Industrie,2027,615988,CO2eq,t/a,Tonnen pro Jahr,2026
Industrie,2028,620622,CO2eq,t/a,Tonnen pro Jahr,2026
Industrie,2029,625255,CO2eq,t/a,Tonnen pro Jahr,2026
Industrie,2030,629889,CO2eq,t/a,Tonnen pro Jahr,2026
Industrie,2031,586584,CO2eq,t/a,Tonnen pro Jahr,2026
Industrie,2032,543279,CO2eq,t/a,Tonnen pro Jahr,2026
Industrie,2033,499974,CO2eq,t/a,Tonnen pro Jahr,2026
Industrie,2034,456669,CO2eq,t/a,Tonnen pro Jahr,2026
Industrie,2035,413364,CO2eq,t/a,Tonnen pro Jahr,2026
Industrie,2036,370060,CO2eq,t/a,Tonnen pro Jahr,2026
Industrie,2037,326755,CO2eq,t/a,Tonnen pro Jahr,2026
Industrie,2038,283450,CO2eq,t/a,Tonnen pro Jahr,2026
Industrie,2039,240145,CO2eq,t/a,Tonnen pro Jahr,2026
Industrie,2040,196840,CO2eq,t/a,Tonnen pro Jahr,2026
Abwasser und Abfall,2025,537006,CO2eq,t/a,Tonnen pro Jahr,2026
Abwasser und Abfall,2026,511107,CO2eq,t/a,Tonnen pro Jahr,2026
Abwasser und Abfall,2027,485208,CO2eq,t/a,Tonnen pro Jahr,2026
Abwasser und Abfall,2028,459308,CO2eq,t/a,Tonnen pro Jahr,2026
Abwasser und Abfall,2029,433409,CO2eq,t/a,Tonnen pro Jahr,2026
Abwasser und Abfall,2030,407509,CO2eq,t/a,Tonnen pro Jahr,2026
Abwasser und Abfall,2031,375491,CO2eq,t/a,Tonnen pro Jahr,2026
Abwasser und Abfall,2032,343472,CO2eq,t/a,Tonnen pro Jahr,2026
Abwasser und Abfall,2033,311454,CO2eq,t/a,Tonnen pro Jahr,2026
Abwasser und Abfall,2034,279435,CO2eq,t/a,Tonnen pro Jahr,2026
Abwasser und Abfall,2035,247416,CO2eq,t/a,Tonnen pro Jahr,2026
Abwasser und Abfall,2036,215398,CO2eq,t/a,Tonnen pro Jahr,2026
Abwasser und Abfall,2037,183379,CO2eq,t/a,Tonnen pro Jahr,2026
Abwasser und Abfall,2038,151360,CO2eq,t/a,Tonnen pro Jahr,2026
Abwasser und Abfall,2039,119342,CO2eq,t/a,Tonnen pro Jahr,2026
Abwasser und Abfall,2040,87323,CO2eq,t/a,Tonnen pro Jahr,2026
Landwirtschaft,2025,337210,CO2eq,t/a,Tonnen pro Jahr,2026
Landwirtschaft,2026,329000,CO2eq,t/a,Tonnen pro Jahr,2026
Landwirtschaft,2027,320790,CO2eq,t/a,Tonnen pro Jahr,2026
Landwirtschaft,2028,312581,CO2eq,t/a,Tonnen pro Jahr,2026
Landwirtschaft,2029,304371,CO2eq,t/a,Tonnen pro Jahr,2026
Landwirtschaft,2030,296161,CO2eq,t/a,Tonnen pro Jahr,2026
Landwirtschaft,2031,289815,CO2eq,t/a,Tonnen pro Jahr,2026
Landwirtschaft,2032,283469,CO2eq,t/a,Tonnen pro Jahr,2026
Landwirtschaft,2033,277122,CO2eq,t/a,Tonnen pro Jahr,2026
Landwirtschaft,2034,270776,CO2eq,t/a,Tonnen pro Jahr,2026
Landwirtschaft,2035,264430,CO2eq,t/a,Tonnen pro Jahr,2026
Landwirtschaft,2036,258083,CO2eq,t/a,Tonnen pro Jahr,2026
Landwirtschaft,2037,251737,CO2eq,t/a,Tonnen pro Jahr,2026
Landwirtschaft,2038,245391,CO2eq,t/a,Tonnen pro Jahr,2026
Landwirtschaft,2039,239044,CO2eq,t/a,Tonnen pro Jahr,2026
Landwirtschaft,2040,232698,CO2eq,t/a,Tonnen pro Jahr,2026
Negative Emissionen,2025,0,CO2eq,t/a,Tonnen pro Jahr,2026
Negative Emissionen,2026,0,CO2eq,t/a,Tonnen pro Jahr,2026
Negative Emissionen,2027,0,CO2eq,t/a,Tonnen pro Jahr,2026
Negative Emissionen,2028,0,CO2eq,t/a,Tonnen pro Jahr,2026
Negative Emissionen,2029,0,CO2eq,t/a,Tonnen pro Jahr,2026
Negative Emissionen,2030,0,CO2eq,t/a,Tonnen pro Jahr,2026
Negative Emissionen,2031,0,CO2eq,t/a,Tonnen pro Jahr,2026
Negative Emissionen,2032,0,CO2eq,t/a,Tonnen pro Jahr,2026
Negative Emissionen,2033,0,CO2eq,t/a,Tonnen pro Jahr,2026
Negative Emissionen,2034,0,CO2eq,t/a,Tonnen pro Jahr,2026
Negative Emissionen,2035,0,CO2eq,t/a,Tonnen pro Jahr,2026
Negative Emissionen,2036,0,CO2eq,t/a,Tonnen pro Jahr,2026
Negative Emissionen,2037,-100000,CO2eq,t/a,Tonnen pro Jahr,2026
Negative Emissionen,2038,-300000,CO2eq,t/a,Tonnen pro Jahr,2026
Negative Emissionen,2039,-500000,CO2eq,t/a,Tonnen pro Jahr,2026
Negative Emissionen,2040,-779256,CO2eq,t/a,Tonnen pro Jahr,2026
Gebäude,2024,1513864,CO2eq,t/a,Tonnen pro Jahr,2025
Gebäude,2025,1429166,CO2eq,t/a,Tonnen pro Jahr,2025
Gebäude,2026,1344467,CO2eq,t/a,Tonnen pro Jahr,2025
Gebäude,2027,1259769,CO2eq,t/a,Tonnen pro Jahr,2025
Gebäude,2028,1175071,CO2eq,t/a,Tonnen pro Jahr,2025
Gebäude,2029,1090373,CO2eq,t/a,Tonnen pro Jahr,2025
Gebäude,2030,1005675,CO2eq,t/a,Tonnen pro Jahr,2025
Gebäude,2031,919474,CO2eq,t/a,Tonnen pro Jahr,2025
Gebäude,2032,833273,CO2eq,t/a,Tonnen pro Jahr,2025
Gebäude,2033,747072,CO2eq,t/a,Tonnen pro Jahr,2025
Gebäude,2034,660872,CO2eq,t/a,Tonnen pro Jahr,2025
Gebäude,2035,574671,CO2eq,t/a,Tonnen pro Jahr,2025
Gebäude,2036,488470,CO2eq,t/a,Tonnen pro Jahr,2025
Gebäude,2037,402270,CO2eq,t/a,Tonnen pro Jahr,2025
Gebäude,2038,316069,CO2eq,t/a,Tonnen pro Jahr,2025
Gebäude,2039,229868,CO2eq,t/a,Tonnen pro Jahr,2025
Gebäude,2040,143667,CO2eq,t/a,Tonnen pro Jahr,2025
Verkehr,2024,1892117,CO2eq,t/a,Tonnen pro Jahr,2025
Verkehr,2025,1769028,CO2eq,t/a,Tonnen pro Jahr,2025
Verkehr,2026,1645939,CO2eq,t/a,Tonnen pro Jahr,2025
Verkehr,2027,1522850,CO2eq,t/a,Tonnen pro Jahr,2025
Verkehr,2028,1399761,CO2eq,t/a,Tonnen pro Jahr,2025
Verkehr,2029,1276671,CO2eq,t/a,Tonnen pro Jahr,2025
Verkehr,2030,1153582,CO2eq,t/a,Tonnen pro Jahr,2025
Verkehr,2031,1047837,CO2eq,t/a,Tonnen pro Jahr,2025
Verkehr,2032,942092,CO2eq,t/a,Tonnen pro Jahr,2025
Verkehr,2033,836347,CO2eq,t/a,Tonnen pro Jahr,2025
Verkehr,2034,730602,CO2eq,t/a,Tonnen pro Jahr,2025
Verkehr,2035,624857,CO2eq,t/a,Tonnen pro Jahr,2025
Verkehr,2036,519112,CO2eq,t/a,Tonnen pro Jahr,2025
Verkehr,2037,413367,CO2eq,t/a,Tonnen pro Jahr,2025
Verkehr,2038,307622,CO2eq,t/a,Tonnen pro Jahr,2025
Verkehr,2039,201876,CO2eq,t/a,Tonnen pro Jahr,2025
Verkehr,2040,96131,CO2eq,t/a,Tonnen pro Jahr,2025
Industrie,2024,645031,CO2eq,t/a,Tonnen pro Jahr,2025
Industrie,2025,642507,CO2eq,t/a,Tonnen pro Jahr,2025
Industrie,2026,639984,CO2eq,t/a,Tonnen pro Jahr,2025
Industrie,2027,637460,CO2eq,t/a,Tonnen pro Jahr,2025
Industrie,2028,634937,CO2eq,t/a,Tonnen pro Jahr,2025
Industrie,2029,632413,CO2eq,t/a,Tonnen pro Jahr,2025
Industrie,2030,629890,CO2eq,t/a,Tonnen pro Jahr,2025
Industrie,2031,586585,CO2eq,t/a,Tonnen pro Jahr,2025
Industrie,2032,543280,CO2eq,t/a,Tonnen pro Jahr,2025
Industrie,2033,499975,CO2eq,t/a,Tonnen pro Jahr,2025
Industrie,2034,456670,CO2eq,t/a,Tonnen pro Jahr,2025
Industrie,2035,413365,CO2eq,t/a,Tonnen pro Jahr,2025
Industrie,2036,370060,CO2eq,t/a,Tonnen pro Jahr,2025
Industrie,2037,326755,CO2eq,t/a,Tonnen pro Jahr,2025
Industrie,2038,283450,CO2eq,t/a,Tonnen pro Jahr,2025
Industrie,2039,240145,CO2eq,t/a,Tonnen pro Jahr,2025
Industrie,2040,196840,CO2eq,t/a,Tonnen pro Jahr,2025
Abwasser und Abfall,2024,510027,CO2eq,t/a,Tonnen pro Jahr,2025
Abwasser und Abfall,2025,492941,CO2eq,t/a,Tonnen pro Jahr,2025
Abwasser und Abfall,2026,475855,CO2eq,t/a,Tonnen pro Jahr,2025
Abwasser und Abfall,2027,458768,CO2eq,t/a,Tonnen pro Jahr,2025
Abwasser und Abfall,2028,441682,CO2eq,t/a,Tonnen pro Jahr,2025
Abwasser und Abfall,2029,424596,CO2eq,t/a,Tonnen pro Jahr,2025
Abwasser und Abfall,2030,407509,CO2eq,t/a,Tonnen pro Jahr,2025
Abwasser und Abfall,2031,375491,CO2eq,t/a,Tonnen pro Jahr,2025
Abwasser und Abfall,2032,343472,CO2eq,t/a,Tonnen pro Jahr,2025
Abwasser und Abfall,2033,311454,CO2eq,t/a,Tonnen pro Jahr,2025
Abwasser und Abfall,2034,279435,CO2eq,t/a,Tonnen pro Jahr,2025
Abwasser und Abfall,2035,247416,CO2eq,t/a,Tonnen pro Jahr,2025
Abwasser und Abfall,2036,215398,CO2eq,t/a,Tonnen pro Jahr,2025
Abwasser und Abfall,2037,183379,CO2eq,t/a,Tonnen pro Jahr,2025
Abwasser und Abfall,2038,151360,CO2eq,t/a,Tonnen pro Jahr,2025
Abwasser und Abfall,2039,119342,CO2eq,t/a,Tonnen pro Jahr,2025
Abwasser und Abfall,2040,87323,CO2eq,t/a,Tonnen pro Jahr,2025
Landwirtschaft,2024,327709,CO2eq,t/a,Tonnen pro Jahr,2025
Landwirtschaft,2025,322451,CO2eq,t/a,Tonnen pro Jahr,2025
Landwirtschaft,2026,317193,CO2eq,t/a,Tonnen pro Jahr,2025
Landwirtschaft,2027,311935,CO2eq,t/a,Tonnen pro Jahr,2025
Landwirtschaft,2028,306677,CO2eq,t/a,Tonnen pro Jahr,2025
Landwirtschaft,2029,301419,CO2eq,t/a,Tonnen pro Jahr,2025
Landwirtschaft,2030,296161,CO2eq,t/a,Tonnen pro Jahr,2025
Landwirtschaft,2031,289815,CO2eq,t/a,Tonnen pro Jahr,2025
Landwirtschaft,2032,283469,CO2eq,t/a,Tonnen pro Jahr,2025
Landwirtschaft,2033,277122,CO2eq,t/a,Tonnen pro Jahr,2025
Landwirtschaft,2034,270776,CO2eq,t/a,Tonnen pro Jahr,2025
Landwirtschaft,2035,264430,CO2eq,t/a,Tonnen pro Jahr,2025
Landwirtschaft,2036,258083,CO2eq,t/a,Tonnen pro Jahr,2025
Landwirtschaft,2037,251737,CO2eq,t/a,Tonnen pro Jahr,2025
Landwirtschaft,2038,245391,CO2eq,t/a,Tonnen pro Jahr,2025
Landwirtschaft,2039,239044,CO2eq,t/a,Tonnen pro Jahr,2025
Landwirtschaft,2040,232698,CO2eq,t/a,Tonnen pro Jahr,2025
Negative Emissionen,2024,0,CO2eq,t/a,Tonnen pro Jahr,2025
Negative Emissionen,2025,0,CO2eq,t/a,Tonnen pro Jahr,2025
Negative Emissionen,2026,0,CO2eq,t/a,Tonnen pro Jahr,2025
Negative Emissionen,2027,0,CO2eq,t/a,Tonnen pro Jahr,2025
Negative Emissionen,2028,0,CO2eq,t/a,Tonnen pro Jahr,2025
Negative Emissionen,2029,0,CO2eq,t/a,Tonnen pro Jahr,2025
Negative Emissionen,2030,0,CO2eq,t/a,Tonnen pro Jahr,2025
Negative Emissionen,2031,0,CO2eq,t/a,Tonnen pro Jahr,2025
Negative Emissionen,2032,0,CO2eq,t/a,Tonnen pro Jahr,2025
Negative Emissionen,2033,0,CO2eq,t/a,Tonnen pro Jahr,2025
Negative Emissionen,2034,0,CO2eq,t/a,Tonnen pro Jahr,2025
Negative Emissionen,2035,0,CO2eq,t/a,Tonnen pro Jahr,2025
Negative Emissionen,2036,0,CO2eq,t/a,Tonnen pro Jahr,2025
Negative Emissionen,2037,-100000,CO2eq,t/a,Tonnen pro Jahr,2025
Negative Emissionen,2038,-300000,CO2eq,t/a,Tonnen pro Jahr,2025
Negative Emissionen,2039,-500000,CO2eq,t/a,Tonnen pro Jahr,2025
Negative Emissionen,2040,-756662,CO2eq,t/a,Tonnen pro Jahr,2025
Gebäude,2023,1598397,CO2eq,t/a,Tonnen pro Jahr,2024
Gebäude,2024,1513533,CO2eq,t/a,Tonnen pro Jahr,2024
Gebäude,2025,1428669,CO2eq,t/a,Tonnen pro Jahr,2024
Gebäude,2026,1343805,CO2eq,t/a,Tonnen pro Jahr,2024
Gebäude,2027,1258941,CO2eq,t/a,Tonnen pro Jahr,2024
Gebäude,2028,1174077,CO2eq,t/a,Tonnen pro Jahr,2024
Gebäude,2029,1089213,CO2eq,t/a,Tonnen pro Jahr,2024
Gebäude,2030,1004350,CO2eq,t/a,Tonnen pro Jahr,2024
Gebäude,2031,918262,CO2eq,t/a,Tonnen pro Jahr,2024
Gebäude,2032,832175,CO2eq,t/a,Tonnen pro Jahr,2024
Gebäude,2033,746088,CO2eq,t/a,Tonnen pro Jahr,2024
Gebäude,2034,660001,CO2eq,t/a,Tonnen pro Jahr,2024
Gebäude,2035,573914,CO2eq,t/a,Tonnen pro Jahr,2024
Gebäude,2036,487827,CO2eq,t/a,Tonnen pro Jahr,2024
Gebäude,2037,401740,CO2eq,t/a,Tonnen pro Jahr,2024
Gebäude,2038,315652,CO2eq,t/a,Tonnen pro Jahr,2024
Gebäude,2039,229565,CO2eq,t/a,Tonnen pro Jahr,2024
Gebäude,2040,143478,CO2eq,t/a,Tonnen pro Jahr,2024
Verkehr,2023,2058210,CO2eq,t/a,Tonnen pro Jahr,2024
Verkehr,2024,1929654,CO2eq,t/a,Tonnen pro Jahr,2024
Verkehr,2025,1801097,CO2eq,t/a,Tonnen pro Jahr,2024
Verkehr,2026,1672541,CO2eq,t/a,Tonnen pro Jahr,2024
Verkehr,2027,1543984,CO2eq,t/a,Tonnen pro Jahr,2024
Verkehr,2028,1415428,CO2eq,t/a,Tonnen pro Jahr,2024
Verkehr,2029,1286871,CO2eq,t/a,Tonnen pro Jahr,2024
Verkehr,2030,1158315,CO2eq,t/a,Tonnen pro Jahr,2024
Verkehr,2031,1052136,CO2eq,t/a,Tonnen pro Jahr,2024
Verkehr,2032,945957,CO2eq,t/a,Tonnen pro Jahr,2024
Verkehr,2033,839778,CO2eq,t/a,Tonnen pro Jahr,2024
Verkehr,2034,733599,CO2eq,t/a,Tonnen pro Jahr,2024
Verkehr,2035,627420,CO2eq,t/a,Tonnen pro Jahr,2024
Verkehr,2036,521241,CO2eq,t/a,Tonnen pro Jahr,2024
Verkehr,2037,415062,CO2eq,t/a,Tonnen pro Jahr,2024
Verkehr,2038,308884,CO2eq,t/a,Tonnen pro Jahr,2024
Verkehr,2039,202705,CO2eq,t/a,Tonnen pro Jahr,2024
Verkehr,2040,96526,CO2eq,t/a,Tonnen pro Jahr,2024
Industrie,2023,681131,CO2eq,t/a,Tonnen pro Jahr,2024
Industrie,2024,679266,CO2eq,t/a,Tonnen pro Jahr,2024
Industrie,2025,677400,CO2eq,t/a,Tonnen pro Jahr,2024
Industrie,2026,675534,CO2eq,t/a,Tonnen pro Jahr,2024
Industrie,2027,673668,CO2eq,t/a,Tonnen pro Jahr,2024
Industrie,2028,671802,CO2eq,t/a,Tonnen pro Jahr,2024
Industrie,2029,669937,CO2eq,t/a,Tonnen pro Jahr,2024
Industrie,2030,668071,CO2eq,t/a,Tonnen pro Jahr,2024
Industrie,2031,622141,CO2eq,t/a,Tonnen pro Jahr,2024
Industrie,2032,576211,CO2eq,t/a,Tonnen pro Jahr,2024
Industrie,2033,530281,CO2eq,t/a,Tonnen pro Jahr,2024
Industrie,2034,484351,CO2eq,t/a,Tonnen pro Jahr,2024
Industrie,2035,438421,CO2eq,t/a,Tonnen pro Jahr,2024
Industrie,2036,392491,CO2eq,t/a,Tonnen pro Jahr,2024
Industrie,2037,346562,CO2eq,t/a,Tonnen pro Jahr,2024
Industrie,2038,300632,CO2eq,t/a,Tonnen pro Jahr,2024
Industrie,2039,254702,CO2eq,t/a,Tonnen pro Jahr,2024
Industrie,2040,208772,CO2eq,t/a,Tonnen pro Jahr,2024
Abwasser und Abfall,2023,523355,CO2eq,t/a,Tonnen pro Jahr,2024
Abwasser und Abfall,2024,506806,CO2eq,t/a,Tonnen pro Jahr,2024
Abwasser und Abfall,2025,490256,CO2eq,t/a,Tonnen pro Jahr,2024
Abwasser und Abfall,2026,473707,CO2eq,t/a,Tonnen pro Jahr,2024
Abwasser und Abfall,2027,457158,CO2eq,t/a,Tonnen pro Jahr,2024
Abwasser und Abfall,2028,440608,CO2eq,t/a,Tonnen pro Jahr,2024
Abwasser und Abfall,2029,424059,CO2eq,t/a,Tonnen pro Jahr,2024
Abwasser und Abfall,2030,407509,CO2eq,t/a,Tonnen pro Jahr,2024
Abwasser und Abfall,2031,375491,CO2eq,t/a,Tonnen pro Jahr,2024
Abwasser und Abfall,2032,343472,CO2eq,t/a,Tonnen pro Jahr,2024
Abwasser und Abfall,2033,311454,CO2eq,t/a,Tonnen pro Jahr,2024
Abwasser und Abfall,2034,279435,CO2eq,t/a,Tonnen pro Jahr,2024
Abwasser und Abfall,2035,247416,CO2eq,t/a,Tonnen pro Jahr,2024
Abwasser und Abfall,2036,215398,CO2eq,t/a,Tonnen pro Jahr,2024
Abwasser und Abfall,2037,183379,CO2eq,t/a,Tonnen pro Jahr,2024
Abwasser und Abfall,2038,151360,CO2eq,t/a,Tonnen pro Jahr,2024
Abwasser und Abfall,2039,119342,CO2eq,t/a,Tonnen pro Jahr,2024
Abwasser und Abfall,2040,87323,CO2eq,t/a,Tonnen pro Jahr,2024
Landwirtschaft,2023,332852,CO2eq,t/a,Tonnen pro Jahr,2024
Landwirtschaft,2024,327610,CO2eq,t/a,Tonnen pro Jahr,2024
Landwirtschaft,2025,322369,CO2eq,t/a,Tonnen pro Jahr,2024
Landwirtschaft,2026,317127,CO2eq,t/a,Tonnen pro Jahr,2024
Landwirtschaft,2027,311886,CO2eq,t/a,Tonnen pro Jahr,2024
Landwirtschaft,2028,306644,CO2eq,t/a,Tonnen pro Jahr,2024
Landwirtschaft,2029,301403,CO2eq,t/a,Tonnen pro Jahr,2024
Landwirtschaft,2030,296161,CO2eq,t/a,Tonnen pro Jahr,2024
Landwirtschaft,2031,289815,CO2eq,t/a,Tonnen pro Jahr,2024
Landwirtschaft,2032,283469,CO2eq,t/a,Tonnen pro Jahr,2024
Landwirtschaft,2033,277122,CO2eq,t/a,Tonnen pro Jahr,2024
Landwirtschaft,2034,270776,CO2eq,t/a,Tonnen pro Jahr,2024
Landwirtschaft,2035,264430,CO2eq,t/a,Tonnen pro Jahr,2024
Landwirtschaft,2036,258083,CO2eq,t/a,Tonnen pro Jahr,2024
Landwirtschaft,2037,251737,CO2eq,t/a,Tonnen pro Jahr,2024
Landwirtschaft,2038,245391,CO2eq,t/a,Tonnen pro Jahr,2024
Landwirtschaft,2039,239044,CO2eq,t/a,Tonnen pro Jahr,2024
Landwirtschaft,2040,232698,CO2eq,t/a,Tonnen pro Jahr,2024
Negative Emissionen,2023,0,CO2eq,t/a,Tonnen pro Jahr,2024
Negative Emissionen,2024,0,CO2eq,t/a,Tonnen pro Jahr,2024
Negative Emissionen,2025,0,CO2eq,t/a,Tonnen pro Jahr,2024
Negative Emissionen,2026,0,CO2eq,t/a,Tonnen pro Jahr,2024
Negative Emissionen,2027,0,CO2eq,t/a,Tonnen pro Jahr,2024
Negative Emissionen,2028,0,CO2eq,t/a,Tonnen pro Jahr,2024
Negative Emissionen,2029,0,CO2eq,t/a,Tonnen pro Jahr,2024
Negative Emissionen,2030,0,CO2eq,t/a,Tonnen pro Jahr,2024
Negative Emissionen,2031,0,CO2eq,t/a,Tonnen pro Jahr,2024
Negative Emissionen,2032,0,CO2eq,t/a,Tonnen pro Jahr,2024
Negative Emissionen,2033,0,CO2eq,t/a,Tonnen pro Jahr,2024
Negative Emissionen,2034,0,CO2eq,t/a,Tonnen pro Jahr,2024
Negative Emissionen,2035,0,CO2eq,t/a,Tonnen pro Jahr,2024
Negative Emissionen,2036,0,CO2eq,t/a,Tonnen pro Jahr,2024
Negative Emissionen,2037,-100000,CO2eq,t/a,Tonnen pro Jahr,2024
Negative Emissionen,2038,-300000,CO2eq,t/a,Tonnen pro Jahr,2024
Negative Emissionen,2039,-500000,CO2eq,t/a,Tonnen pro Jahr,2024
Negative Emissionen,2040,-768799,CO2eq,t/a,Tonnen pro Jahr,2024
